{
  "beauty_products": [
    {
      "id": "BP001",
      "name": "Hydrating Facial Cleanser",
      "category": "Skincare",
      "sub_category": "Cleanser",
      "brand": "GlowSkin",
      "price": 12.99,
      "currency": "USD",
      "volume_ml": 150,
      "skin_type": ["Dry", "Normal"],
      "in_stock": true,
      "image_url": "https://example.com/images/cleanser.jpg"
    },
    {
      "id": "BP002",
      "name": "Matte Liquid Lipstick",
      "category": "Makeup",
      "sub_category": "Lips",
      "brand": "ColorPop",
      "price": 8.50,
      "currency": "USD",
      "shade": "Crimson Red",
      "long_wear": true,
      "in_stock": true,
      "image_url": "https://example.com/images/lipstick.jpg"
    },
    {
      "id": "BP003",
      "name": "Volumizing Mascara",
      "category": "Makeup",
      "sub_category": "Eyes",
      "brand": "LashPro",
      "price": 10.00,
      "currency": "USD",
      "waterproof": true,
      "color": "Black",
      "in_stock": false,
      "image_url": "https://example.com/images/mascara.jpg"
    },
    {
      "id": "BP004",
      "name": "Argan Oil Hair Serum",
      "category": "Haircare",
      "sub_category": "Serum",
      "brand": "NatureShine",
      "price": 15.75,
      "currency": "USD",
      "volume_ml": 100,
      "suitable_for": ["Frizzy", "Dry Hair"],
      "in_stock": true,
      "image_url": "https://example.com/images/hair_serum.jpg"
    },
    {
      "id": "BP005",
      "name": "Floral Eau de Parfum",
      "category": "Fragrance",
      "sub_category": "Perfume",
      "brand": "Scentelle",
      "price": 45.00,
      "currency": "USD",
      "volume_ml": 50,
      "fragrance_notes": ["Jasmine", "Rose", "Musk"],
      "gender": "Unisex",
      "in_stock": true,
      "image_url": "https://example.com/images/perfume.jpg"
    }
  ]
}
