{
    "products": [
      {
        "id": "KP1001",
        "name": "Boys T-Shirt",
        "category": "Clothing",
        "sub_category": "Tops",
        "age_group": "5-7",
        "gender": "Boys",
        "price": 14.99,
        "currency": "USD",
        "in_stock": true,
        "brand": "MiniStyle",
        "sizes": ["XS", "S", "M"],
        "color": "Blue",
        "material": "Cotton",
        "image_url": "https://example.com/images/boys_tshirt.jpg"
      },
      {
        "id": "KP1002",
        "name": "Building Blocks Set",
        "category": "Toys",
        "sub_category": "Educational",
        "age_group": "3-6",
        "price": 24.99,
        "currency": "USD",
        "in_stock": true,
        "brand": "PlaySmart",
        "pieces": 120,
        "material": "Plastic",
        "image_url": "https://example.com/images/blocks_set.jpg"
      },
      {
        "id": "KP1003",
        "name": "Fairy Tales Book Collection",
        "category": "Books",
        "sub_category": "Storybooks",
        "age_group": "4-8",
        "price": 19.99,
        "currency": "USD",
        "in_stock": false,
        "brand": "TinyReads",
        "language": "English",
        "pages": 200,
        "format": "Hardcover",
        "image_url": "https://example.com/images/fairy_tales.jpg"
      }
    ]
  }
  