{
    "products": [
      {
        "id": "s5t6u7v8",
        "shopshpereunique": true,
        "featured": true,
        "popular": true,
        "category": "mens_bags",
        "name": "Hidesign Bag",
        "price": 3000,
        "details": "Travel bag with ample storage and a rugged build."
      },
      {
        "id": "7e8f9g0h",
        "shopshpereunique": true,
        "popular": true,
        "category": "mens_watches",
        "name": "Seiko Watch",
        "price": 6800,
        "details": "Automatic watch with a skeleton dial and sapphire crystal."
      },
      {
        "id": "c9d0e1f2",
        "popular": true,
        "category": "mens_bags",
        "name": "Hidesign Bag",
        "price": 2000,
        "details": "Stylish tote bag with ample space and sturdy handles."
      },
      {
        "id": "g3h4i5j6",
        "shopshpereunique": true,
        "featured": true,
        "category": "mens_shoes",
        "name": "Bata Shoes",
        "price": 4500,
        "details": "Stylish leather shoes perfect for formal occasions."
      },
      {
        "id": "k7l8m9n0",
        "shopshpereunique": true,
        "category": "mens_bags",
        "name": "Wildcraft Bag",
        "price": 3200,
        "details": "Duffel bag with a spacious interior and reinforced straps."
      },
      {
        "id": "3a4b5c6d",
        "shopshpereunique": true,
        "category": "mens_bags",
        "name": "Wildcraft Bag",
        "price": 2400,
        "details": "Shoulder bag with a minimalist look and high functionality."
      },
      {
        "id": "y5z6a7b8",
        "shopshpereunique": true,
        "category": "mens_sunglasses",
        "name": "Fastrack Sunglasses",
        "price": 1900,
        "details": "Elegant cat-eye sunglasses with gradient lenses."
      },
      {
        "id": "q7r8s9t0",
        "shopshpereunique": true,
        "category": "mens_shoes",
        "name": "New Balance Shoes",
        "price": 3000,
        "details": "Running shoes with lightweight construction and breathable mesh."
      },
      {
        "id": "u1v2w3x4",
        "shopshpereunique": true,
        "featured": true,
        "category": "mens_watches",
        "name": "Timex Watch",
        "price": 6100,
        "details": "Vintage-style watch with a textured dial and metal band."
      },
      {
        "id": "m3n4o5p6",
        "shopshpereunique": true,
        "popular": true,
        "category": "mens_watches",
        "name": "Casio Watch",
        "price": 4800,
        "details": "Diver's watch with water resistance up to 200 meters."
      },
      {
        "id": "w9x0y1z2",
        "category": "mens_shoes",
        "name": "Puma Shoes",
        "price": 3800,
        "details": "High-top sneakers with a trendy design and soft padding."
      },
      {
        "id": "i1j2k3l4",
        "category": "mens_bags",
        "name": "Samsonite Laptop Bag",
        "price": 3500,
        "details": "Premium laptop bag with padded compartments and sleek design."
      },
      {
        "id": "k7l8m9n0",
        "shopshpereunique": true,
        "category": "mens_shoes",
        "name": "Adidas Shoes",
        "price": 3200,
        "details": "Casual sneakers with a breathable mesh upper."
      },
      {
        "id": "o1p2q3r4",
        "shopshpereunique": true,
        "category": "mens_watches",
        "name": "Titan Watch",
        "price": 5000,
        "details": "Elegant wristwatch with a leather strap and water resistance."
      },
      {
        "id": "g3h4i5j6",
        "popular": true,
        "category": "mens_bags",
        "name": "Samsonite Bag",
        "price": 2800,
        "details": "Leather briefcase with a professional look and multiple pockets."
      },
      {
        "id": "7e8f9g0h",
        "shopshpereunique": true,
        "category": "mens_shoes",
        "name": "Skechers Shoes",
        "price": 2900,
        "details": "Slip-on shoes with a versatile style and easy wearability."
      },
      {
        "id": "w5x6y7z8",
        "popular": true,
        "featured": true,
        "category": "mens_sunglasses",
        "name": "Tom Ford Sunglasses",
        "price": 3200,
        "details": "Designer sunglasses with polarized lenses."
      },
      {
        "id": "y5z6a7b8",
        "shopshpereunique": true,
        "category": "mens_bags",
        "name": "American Tourister Bag",
        "price": 3500,
        "details": "Sleek messenger bag made of durable materials."
      },
      {
        "id": "k7l8m9n0",
        "shopshpereunique": true,
        "popular": true,
        "category": "mens_shoes",
        "name": "Nike Shoes",
        "price": 3600,
        "details": "Boots with a rugged design and insulated lining for cold weather."
      },
      {
        "id": "u1v2w3x4",
        "shopshpereunique": true,
        "category": "mens_sunglasses",
        "name": "Ray-Ban Sunglasses",
        "price": 1600,
        "details": "Lightweight sports sunglasses with UV400 protection."
      },
      {
        "id": "q7r8s9t0",
        "popular": true,
        "category": "mens_shoes",
        "name": "New Balance Shoes",
        "price": 3000,
        "details": "Running shoes with lightweight construction and breathable mesh."
      },
      {
        "id": "c9d0e1f2",
        "shopshpereunique": true,
        "category": "mens_sunglasses",
        "name": "Vogue Sunglasses",
        "price": 1700,
        "details": "Polarized driving sunglasses with anti-glare coating."
      },
      {
        "id": "m3n4o5p6",
        "shopshpereunique": true,
        "category": "mens_bags",
        "name": "Herschel Backpack",
        "price": 2200,
        "details": "Classic backpack with signature striped fabric liner and laptop sleeve."
      },
      {
        "id": "q7r9s9t0",
        "shopshpereunique": true,
        "category": "mens_shoes",
        "name": "Sparxx",
        "price": 3500,
        "details": "Running shoes."
      },
      {
        "id": "e5f6g7h8",
        "shopshpereunique": true,
        "category": "mens_sunglasses",
        "name": "Fastrack Sunglasses",
        "price": 2000,
        "details": "Stylish aviator sunglasses with a durable frame."
      },
      {
        "id": "i1j2k3l4",
        "shopshpereunique": true,
        "popular": true,
        "category": "mens_watches",
        "name": "Samsung Watch",
        "price": 5300,
        "details": "Smartwatch with fitness tracking and notification alerts."
      },
      {
        "id": "o1p2q3r4",
        "category": "mens_bags",
        "name": "American Tourister Bag",
        "price": 2600,
        "details": "Crossbody bag with a modern design and adjustable strap."
      },
      {
        "id": "7e8f9g0h",
        "shopshpereunique": true,
        "featured": true,
        "category": "mens_watches",
        "name": "Seiko Watch",
        "price": 4200,
        "details": "Analog watch with a classic dial and leather band."
      },
      {
        "id": "c9d0e1f2",
        "shopshpereunique": true,
        "category": "mens_watches",
        "name": "Rolex Watch",
        "price": 12000,
        "details": "Luxury watch with diamond accents and 18k gold."
      },
      {
        "id": "w9x0y1z2",
        "category": "mens_shoes",
        "name": "Puma Shoes",
        "price": 3800,
        "details": "High-top sneakers with a trendy design and soft padding."
      },
      {
        "id": "o1p2q3r4",
        "category": "mens_shoes",
        "name": "Woodland Shoes",
        "price": 2700,
        "details": "Durable hiking boots with superior grip and waterproofing."
      },
      {
        "id": "3a4b5c6d",
        "shopshpereunique": true,
        "popular": true,
        "category": "mens_shoes",
        "name": "Hush Puppies Shoes",
        "price": 4100,
        "details": "Formal dress shoes with a polished finish and cushioned sole."
      },
      {
        "id": "e5f6g7h8",
        "shopshpereunique": true,
        "category": "mens_sunglasses",
        "name": "Fastrack Sunglasses",
        "price": 2000,
        "details": "Stylish aviator sunglasses with a durable frame."
      },
      {
        "id": "u1v2w3x4",
        "popular": true,
        "featured": true,
        "category": "mens_sunglasses",
        "name": "Ray-Ban Sunglasses",
        "price": 1500,
        "details": "High-quality polarized sunglasses with UV protection."
      },
      {
        "id": "i9j0k1l2",
        "popular": true,
        "category": "mens_sunglasses",
        "name": "Vogue Sunglasses",
        "price": 1800,
        "details": "Classic wayfarer sunglasses with a sleek design."
      },
      {
        "id": "q7r8s9t0",
        "shopshpereunique": true,
        "category": "mens_watches",
        "name": "Fossil Watch",
        "price": 5200,
        "details": "Chronograph watch with a tachymeter scale and luminous hands."
      },
      {
        "id": "k7l8m9n0",
        "shopshpereunique": true,
        "popular": true,
        "category": "mens_bags",
        "name": "Wildcraft Bag",
        "price": 2500,
        "details": "Spacious backpack with multiple compartments and ergonomic design."
      },
      {
        "id": "u1v2w3x4",
        "category": "mens_sunglasses",
        "name": "Ray-Ban Sunglasses",
        "price": 1500,
        "details": "High-quality polarized sunglasses with UV protection."
      },
      {
        "id": "i9j0k1l2",
        "popular": true,
        "category": "mens_sunglasses",
        "name": "Vogue Sunglasses",
        "price": 1800,
        "details": "Classic wayfarer sunglasses with a sleek design."
      },
      {
        "id": "m3n4o5p6",
        "popular": true,
        "category": "mens_sunglasses",
        "name": "Oakley Sunglasses",
        "price": 2500,
        "details": "Fashionable round sunglasses with mirrored lenses."
      },
      {
        "id": "u1v2w3x4",
        "shopshpereunique": true,
        "popular": true,
        "featured": true,
        "category": "mens_bags",
        "name": "Wildcraft Bag",
        "price": 3200,
        "details": "Duffel bag with a spacious interior and reinforced straps."
      },
      {
        "id": "e5f6g7h8",
        "shopshpereunique": true,
        "category": "mens_sunglasses",
        "name": "Fastrack Sunglasses",
        "price": 2000,
        "details": "Stylish aviator sunglasses with a durable frame."
      },
      {
        "id": "i1j2k3l4",
        "popular": true,
        "category": "mens_bags",
        "name": "Samsonite Laptop Bag",
        "price": 3500,
        "details": "Premium laptop bag with padded compartments and sleek design."
      },
      {
        "id": "m3n4o5p6",
        "shopshpereunique": true,
        "popular": true,
        "category": "mens_shoes",
        "name": "Nike Shoes",
        "price": 3000,
        "details": "Comfortable running shoes with excellent cushioning."
      },
      {
        "id": "o1p2q3r4",
        "popular": true,
        "category": "mens_bags",
        "name": "American Tourister Bag",
        "price": 2900,
        "details": "Weekender bag with durable fabric and spacious interior."
      },
      {
        "id": "c9d0e1f2",
        "shopshpereunique": true,
        "popular": true,
        "category": "mens_bags",
        "name": "Hidesign Bag",
        "price": 2000,
        "details": "Stylish tote bag with ample space and sturdy handles."
      },
      {
        "id": "i1j2k3l4",
        "category": "mens_bags",
        "name": "Samsonite Laptop Bag",
        "price": 3500,
        "details": "Premium laptop bag with padded compartments and sleek design."
      },
      {
        "id": "e5f6g7h8",
        "popular": true,
        "category": "mens_sunglasses",
        "name": "Fastrack Sunglasses",
        "price": 2000,
        "details": "Stylish aviator sunglasses with a durable frame."
      },
      {
        "id": "k7l8m9n0",
        "shopshpereunique": true,
        "popular": true,
        "category": "mens_shoes",
        "name": "Adidas Shoes",
        "price": 3200,
        "details": "Casual sneakers with a breathable mesh upper."
      },
      {
        "id": "w9x0y1z2",
        "popular": true,
        "category": "mens_shoes",
        "name": "Puma Shoes",
        "price": 3800,
        "details": "High-top sneakers with a trendy design and soft padding."
      },
      {
        "id": "u1v2w3x4",
        "shopshpereunique": true,
        "popular": true,
        "category": "mens_sunglasses",
        "name": "Ray-Ban Sunglasses",
        "price": 1500,
        "details": "High-quality polarized sunglasses with UV protection."
      },
      {
        "id": "c9d0e1f2",
        "category": "mens_sunglasses",
        "name": "Vogue Sunglasses",
        "price": 1700,
        "details": "Polarized driving sunglasses with anti-glare coating."
      },
      {
        "id": "k7l8m9n0",
        "shopshpereunique": true,
        "category": "mens_shoes",
        "name": "Nike Shoes",
        "price": 3600,
        "details": "Boots with a rugged design and insulated lining for cold weather."
      },
      {
        "id": "3a4b5c6d",
        "shopshpereunique": true,
        "category": "mens_bags",
        "name": "Wildcraft Bag",
        "price": 2400,
        "details": "Shoulder bag with a minimalist look and high functionality."
      },
      {
        "id": "q7r8s9t0",
        "shopshpereunique": true,
        "popular": true,
        "category": "mens_watches",
        "name": "Fossil Watch",
        "price": 5200,
        "details": "Chronograph watch with a tachymeter scale and luminous hands."
      },
      {
        "id": "o1p2q3r4",
        "popular": true,
        "featured": true,
        "category": "mens_shoes",
        "name": "Woodland Shoes",
        "price": 2700,
        "details": "Durable hiking boots with superior grip and waterproofing."
      },
      {
        "id": "k7l8m9n0",
        "shopshpereunique": true,
        "popular": true,
        "category": "mens_bags",
        "name": "Wildcraft Bag",
        "price": 2500,
        "details": "Spacious backpack with multiple compartments and ergonomic design."
      },
      {
        "id": "u1v2w3x4",
        "category": "mens_bags",
        "name": "Wildcraft Bag",
        "price": 3200,
        "details": "Duffel bag with a spacious interior and reinforced straps."
      },
      {
        "id": "k7l8m9n0",
        "category": "mens_shoes",
        "name": "Adidas Shoes",
        "price": 3200,
        "details": "Casual sneakers with a breathable mesh upper."
      },
      {
        "id": "i1j2k3l4",
        "category": "mens_shoes",
        "name": "Reebok Shoes",
        "price": 3400,
        "details": "Athletic shoes with advanced shock absorption and support."
      },
      {
        "id": "e5f6g7h8",
        "popular": true,
        "category": "mens_sunglasses",
        "name": "Fastrack Sunglasses",
        "price": 2000,
        "details": "Stylish aviator sunglasses with a durable frame."
      },
      {
        "id": "m3n4o5p6",
        "shopshpereunique": true,
        "category": "mens_bags",
        "name": "Herschel Backpack",
        "price": 2200,
        "details": "Classic backpack with signature striped fabric liner and laptop sleeve."
      },
      {
        "id": "7e8f9g0h",
        "popular": true,
        "category": "mens_watches",
        "name": "Seiko Watch",
        "price": 6800,
        "details": "Automatic watch with a skeleton dial and sapphire crystal."
      },
      {
        "id": "o1p2q3r4",
        "shopshpereunique": true,
        "category": "mens_bags",
        "name": "American Tourister Bag",
        "price": 2900,
        "details": "Weekender bag with durable fabric and spacious interior."
      },
      {
        "id": "g3h4i5j6",
        "popular": true,
        "category": "mens_shoes",
        "name": "Bata Shoes",
        "price": 4500,
        "details": "Stylish leather shoes perfect for formal occasions."
      },
      {
        "id": "7e8f9g0h",
        "category": "mens_bags",
        "name": "American Tourister Bag",
        "price": 2900,
        "details": "Weekender bag with durable fabric and spacious interior."
      },
      {
        "id": "q7r8s9t0",
        "shopshpereunique": true,
        "popular": true,
        "category": "mens_shoes",
        "name": "New Balance Shoes",
        "price": 3000,
        "details": "Running shoes with lightweight construction and breathable mesh."
      },
      {
        "id": "k7l8m9n0",
        "shopshpereunique": true,
        "category": "mens_shoes",
        "name": "Nike Shoes",
        "price": 3200,
        "details": "Casual sneakers with a breathable mesh upper."
      },
      {
        "id": "u1v2w3x4",
        "shopshpereunique": true,
        "category": "mens_shoes",
        "name": "Nike Shoes",
        "price": 3000,
        "details": "Comfortable running shoes with excellent cushioning."
      }
    ]
  }