{
    "womensproducts": [
      {
        "id": "W001",
        "name": "Floral Maxi Dress",
        "category": "Clothing",
        "subcategory": "Dresses",
        "brand": "Zara",
        "price": 59.99,
        "image_url": "../public/prod-Imges/p-1.jpeg" ,
        "currency": "USD",
        "sizes": ["S", "M", "L", "XL"],
        "colors": ["Red", "Blue", "Green"],
        "in_stock": true,
        "rating": 4.5
      },
      {
        "id": "W002",
        "name": "Leather Shoulder Bag",
        "category": "Accessories",
        "subcategory": "Bags",
        "brand": "Michael Kors",
        "price": 189.99,
        "currency": "USD",
        "image_url": "../public/prod-Imges/p-1.jpeg" ,
        "colors": ["Black", "Beige"],
        "in_stock": true,
        "rating": 4.8
      },
      {
        "id": "W003",
        "name": "Hydrating Face Cream",
        "category": "Beauty",
        "subcategory": "Skincare",
        "brand": "Clinique",
        "price": 34.50,
        "currency": "USD",
        "image_url": "../public/prod-Imges/p-1.jpeg" ,
        "volume": "50ml",
        "in_stock": false,
        "rating": 4.3
      },
      {
        "id": "W004",
        "name": "High Waist Skinny Jeans",
        "category": "Clothing",
        "subcategory": "Jeans",
        "brand": "Levi's",
        "image_url": "../public/prod-Imges/p-1.jpeg" ,
        "price": 79.99,
        "currency": "USD",
        "sizes": ["24", "26", "28", "30", "32"],
        "colors": ["Denim Blue", "Black"],
        "in_stock": true,
        "rating": 4.6
      },
      {
        "id": "W001",
        "name": "Floral Maxi Dress",
        "category": "Clothing",
        "subcategory": "Dresses",
        "brand": "Zara",
        "price": 59.99,
        "image_url": "../public/prod-Imges/p-1.jpeg" ,
        "currency": "USD",
        "sizes": ["S", "M", "L", "XL"],
        "colors": ["Red", "Blue", "Green"],
        "in_stock": true,
        "rating": 4.5
      },{
        "id": "W001",
        "name": "Floral Maxi Dress",
        "category": "Clothing",
        "subcategory": "Dresses",
        "brand": "Zara",
        "price": 59.99,
        "image_url": "../public/prod-Imges/p-1.jpeg" ,
        "currency": "USD",
        "sizes": ["S", "M", "L", "XL"],
        "colors": ["Red", "Blue", "Green"],
        "in_stock": true,
        "rating": 4.5
      }
      ,{
        "id": "W001",
        "name": "Floral Maxi Dress",
        "category": "Clothing",
        "subcategory": "Dresses",
        "brand": "Zara",
        "price": 59.99,
        "image_url": "../public/prod-Imges/p-1.jpeg" ,
        "currency": "USD",
        "sizes": ["S", "M", "L", "XL"],
        "colors": ["Red", "Blue", "Green"],
        "in_stock": true,
        "rating": 4.5
      }
      ,{
        "id": "W001",
        "name": "Floral Maxi Dress",
        "category": "Clothing",
        "subcategory": "Dresses",
        "brand": "Zara",
        "price": 59.99,
        "image_url": "../public/prod-Imges/p-1.jpeg" ,
        "currency": "USD",
        "sizes": ["S", "M", "L", "XL"],
        "colors": ["Red", "Blue", "Green"],
        "in_stock": true,
        "rating": 4.5
      }
      ,{
        "id": "W001",
        "name": "Floral Maxi Dress",
        "category": "Clothing",
        "subcategory": "Dresses",
        "brand": "Zara",
        "price": 59.99,
        "image_url": "../public/prod-Imges/p-1.jpeg" ,
        "currency": "USD",
        "sizes": ["S", "M", "L", "XL"],
        "colors": ["Red", "Blue", "Green"],
        "in_stock": true,
        "rating": 4.5
      }
    ]
  }
  